alpha,steering_coeff,perplexity,sim_scorsese,sim_spielberg,valence_moral_valence,valence_positive_score,valence_negative_score,valence_pos_raw,valence_neg_raw,style_n_words,style_n_sentences,style_avg_sentence_len,style_dialogue_density,style_lexical_diversity
0.0,0.5,1.6261,0.2897,1.0,-1.0,0.0,1.0,0,2,225,1,225.0,0.0,0.1822
0.0,0.5,2.1483,0.2897,1.0,0.0,0.0,0.0,0,0,392,18,21.78,0.0,0.1301
0.0,0.5,2.396,0.2897,1.0,-1.0,0.0,1.0,0,1,400,19,21.05,0.0,0.15
0.0,0.5,1.8055,0.2897,1.0,0.0,0.0,0.0,0,0,470,5,94.0,0.0,0.0809
0.0,0.5,2.8348,0.2897,1.0,-1.0,0.0,1.0,0,1,323,6,53.83,0.0,0.257
0.0,1.0,4.7866,0.2897,1.0,-1.0,0.0,1.0,0,1,455,5,91.0,0.0,0.0549
0.0,1.0,4.563,0.2897,1.0,0.0,0.0,0.0,0,0,417,11,37.91,0.0,0.0504
0.0,1.0,7.4371,0.2897,1.0,0.0,0.0,0.0,0,0,329,13,25.31,0.0,0.1581
0.0,1.0,5.1981,0.2897,1.0,0.0,0.0,0.0,0,0,391,10,39.1,0.0,0.0818
0.0,1.0,3.3351,0.2897,1.0,0.0,0.0,0.0,0,0,468,3,156.0,0.0,0.0513
0.0,1.5,12.1432,0.2897,1.0,0.0,0.0,0.0,0,0,445,8,55.62,0.0,0.0809
0.0,1.5,10.228,0.2897,1.0,0.0,0.0,0.0,0,0,473,4,118.25,0.0,0.0634
0.0,1.5,14.4783,0.2897,1.0,0.0,0.0,0.0,0,0,426,5,85.2,0.0,0.1009
0.0,1.5,14.5254,0.2897,1.0,0.0,0.0,0.0,0,0,439,7,62.71,0.0,0.0934
0.0,1.5,15.4266,0.2897,1.0,0.0,0.0,0.0,0,0,455,11,41.36,0.0,0.0769
0.0,2.0,26.5824,0.2897,1.0,0.0,0.0,0.0,0,0,485,1,485.0,0.0,0.068
0.0,2.0,19.857,0.2897,1.0,0.0,0.0,0.0,0,0,493,1,493.0,0.0,0.0568
0.0,2.0,18.756,0.2897,1.0,0.0,0.0,0.0,0,0,483,1,483.0,0.0,0.0663
0.0,2.0,15.8407,0.2897,1.0,0.0,0.0,0.0,0,0,500,1,500.0,0.0,0.052
0.0,2.0,19.0252,0.2897,1.0,0.0,0.0,0.0,0,0,489,1,489.0,0.0,0.0511
0.25,0.5,3.5304,0.6613,0.8979,0.0,0.0,0.0,0,0,436,13,33.54,0.0,0.2546
0.25,0.5,2.882,0.6613,0.8979,0.0,0.5,0.5,1,1,438,27,16.22,0.0,0.226
0.25,0.5,3.6052,0.6613,0.8979,0.2,0.6,0.4,3,2,431,12,35.92,0.0,0.2807
0.25,0.5,6.9838,0.6613,0.8979,-0.3333,0.3333,0.6667,1,2,389,20,19.45,0.0,0.4524
0.25,0.5,6.2286,0.6613,0.8979,-0.6667,0.1667,0.8333,1,5,387,23,16.83,0.0,0.3773
0.25,1.0,1.8165,0.6613,0.8979,-1.0,0.0,1.0,0,1,359,2,179.5,0.0,0.0836
0.25,1.0,2.9118,0.6613,0.8979,-1.0,0.0,1.0,0,1,315,2,157.5,0.0,0.1683
0.25,1.0,2.1626,0.6613,0.8979,0.0,0.0,0.0,0,0,407,4,101.75,0.0,0.0958
0.25,1.0,3.1146,0.6613,0.8979,0.0,0.0,0.0,0,0,314,9,34.89,0.0,0.172
0.25,1.0,2.4734,0.6613,0.8979,0.0,0.0,0.0,0,0,395,9,43.89,0.0,0.0684
0.25,1.5,4.5184,0.6613,0.8979,0.0,0.0,0.0,0,0,384,2,192.0,0.0,0.0573
0.25,1.5,3.672,0.6613,0.8979,0.0,0.0,0.0,0,0,374,1,374.0,0.0,0.0642
0.25,1.5,5.0774,0.6613,0.8979,0.0,0.0,0.0,0,0,403,1,403.0,0.0,0.067
0.25,1.5,4.0261,0.6613,0.8979,0.0,0.0,0.0,0,0,390,4,97.5,0.0,0.059
0.25,1.5,4.172,0.6613,0.8979,0.0,0.0,0.0,0,0,336,1,336.0,0.0,0.0714
0.25,2.0,8.8734,0.6613,0.8979,0.0,0.0,0.0,0,0,365,1,365.0,0.0,0.0959
0.25,2.0,7.4649,0.6613,0.8979,0.0,0.0,0.0,0,0,376,2,188.0,0.0,0.0851
0.25,2.0,8.913,0.6613,0.8979,0.0,0.0,0.0,0,0,355,3,118.33,0.0,0.1099
0.25,2.0,8.7781,0.6613,0.8979,0.0,0.0,0.0,0,0,362,2,181.0,0.0,0.0967
0.25,2.0,8.5389,0.6613,0.8979,0.0,0.0,0.0,0,0,360,1,360.0,0.0,0.1056
0.5,0.5,3.881,0.8868,0.6814,-1.0,0.0,1.0,0,1,442,20,22.1,0.0,0.276
0.5,0.5,2.742,0.8868,0.6814,-1.0,0.0,1.0,0,1,383,46,8.33,0.0,0.1984
0.5,0.5,4.9367,0.8868,0.6814,-1.0,0.0,1.0,0,1,444,14,31.71,0.0,0.2995
0.5,0.5,5.829,0.8868,0.6814,-0.4286,0.2857,0.7143,2,5,431,15,28.73,0.0,0.3735
0.5,0.5,1.9818,0.8868,0.6814,0.0,0.0,0.0,0,0,366,6,61.0,0.0,0.1557
0.5,1.0,1.6081,0.8868,0.6814,0.0,0.0,0.0,0,0,349,5,69.8,0.0,0.0544
0.5,1.0,1.7006,0.8868,0.6814,0.0,0.0,0.0,0,0,417,3,139.0,0.0,0.0743
0.5,1.0,2.8411,0.8868,0.6814,-1.0,0.0,1.0,0,1,355,7,50.71,0.0,0.1718
0.5,1.0,2.0879,0.8868,0.6814,0.0,0.0,0.0,0,0,300,1,300.0,0.0,0.1567
0.5,1.0,3.032,0.8868,0.6814,0.0,0.0,0.0,0,0,404,11,36.73,0.0,0.1386
0.5,1.5,3.9942,0.8868,0.6814,0.0,0.0,0.0,0,0,359,1,359.0,0.0,0.1086
0.5,1.5,2.8655,0.8868,0.6814,0.0,0.0,0.0,0,0,324,2,162.0,0.0,0.0895
0.5,1.5,3.536,0.8868,0.6814,0.0,0.0,0.0,0,0,374,1,374.0,0.0,0.0856
0.5,1.5,2.8179,0.8868,0.6814,0.0,0.0,0.0,0,0,323,1,323.0,0.0,0.0743
0.5,1.5,2.7936,0.8868,0.6814,0.0,0.0,0.0,0,0,306,1,306.0,0.0,0.085
0.5,2.0,8.8426,0.8868,0.6814,0.0,0.0,0.0,0,0,269,1,269.0,0.0,0.171
0.5,2.0,9.3294,0.8868,0.6814,0.0,0.0,0.0,0,0,286,1,286.0,0.0,0.1748
0.5,2.0,8.8173,0.8868,0.6814,0.0,0.0,0.0,0,0,268,1,268.0,0.0,0.1866
0.5,2.0,7.3707,0.8868,0.6814,0.0,0.0,0.0,0,0,292,1,292.0,0.0,0.1678
0.5,2.0,9.3517,0.8868,0.6814,0.0,0.0,0.0,0,0,297,1,297.0,0.0,0.1818
0.75,0.5,4.6955,0.9798,0.4648,-1.0,0.0,1.0,0,1,388,21,18.48,0.0,0.3763
0.75,0.5,5.0164,0.9798,0.4648,-1.0,0.0,1.0,0,1,382,11,34.73,0.0,0.3351
0.75,0.5,6.3847,0.9798,0.4648,0.0,0.0,0.0,0,0,420,16,26.25,0.8571,0.4
0.75,0.5,6.8042,0.9798,0.4648,-1.0,0.0,1.0,0,6,406,17,23.88,0.0,0.3818
0.75,0.5,5.862,0.9798,0.4648,-0.3333,0.3333,0.6667,1,2,378,14,27.0,0.3333,0.3995
0.75,1.0,1.5751,0.9798,0.4648,0.0,0.0,0.0,0,0,273,4,68.25,0.0,0.1099
0.75,1.0,2.7421,0.9798,0.4648,0.0,0.0,0.0,0,0,373,5,74.6,0.0,0.1609
0.75,1.0,1.8045,0.9798,0.4648,0.0,0.0,0.0,0,0,267,3,89.0,0.0,0.1273
0.75,1.0,2.0263,0.9798,0.4648,0.0,0.0,0.0,0,0,364,2,182.0,0.0,0.1209
0.75,1.0,1.676,0.9798,0.4648,0.0,0.0,0.0,0,0,281,2,140.5,0.0,0.1032
0.75,1.5,5.5811,0.9798,0.4648,0.0,0.0,0.0,0,0,272,1,272.0,0.0,0.1213
0.75,1.5,4.3383,0.9798,0.4648,0.0,0.0,0.0,0,0,282,1,282.0,0.0,0.1135
0.75,1.5,9.3473,0.9798,0.4648,0.0,0.0,0.0,0,0,292,1,292.0,0.0,0.1952
0.75,1.5,3.8364,0.9798,0.4648,0.0,0.0,0.0,0,0,285,1,285.0,0.0,0.1158
0.75,1.5,7.6491,0.9798,0.4648,0.0,0.0,0.0,0,0,291,1,291.0,0.0,0.1718
0.75,2.0,15.4412,0.9798,0.4648,0.0,0.0,0.0,0,0,244,1,244.0,0.0,0.25
0.75,2.0,13.633,0.9798,0.4648,0.0,0.0,0.0,0,0,251,1,251.0,0.0,0.2351
0.75,2.0,15.2618,0.9798,0.4648,0.0,0.0,0.0,0,0,237,1,237.0,0.0,0.2616
0.75,2.0,15.7858,0.9798,0.4648,0.0,0.0,0.0,0,0,228,1,228.0,0.0,0.2939
0.75,2.0,15.5901,0.9798,0.4648,0.0,0.0,0.0,0,0,238,1,238.0,0.0,0.2605
1.0,0.5,2.2111,1.0,0.2897,0.0,0.0,0.0,0,0,398,2,199.0,0.0,0.1432
1.0,0.5,2.4026,1.0,0.2897,-1.0,0.0,1.0,0,1,336,53,6.34,0.0,0.2113
1.0,0.5,2.7467,1.0,0.2897,0.0,0.0,0.0,0,0,369,18,20.5,0.0,0.1734
1.0,0.5,5.7811,1.0,0.2897,-1.0,0.0,1.0,0,14,316,19,16.63,0.0,0.3797
1.0,0.5,2.046,1.0,0.2897,-1.0,0.0,1.0,0,1,460,5,92.0,0.0,0.0957
1.0,1.0,5.0621,1.0,0.2897,0.0,0.0,0.0,0,0,312,1,312.0,0.0,0.0929
1.0,1.0,5.4918,1.0,0.2897,0.0,0.0,0.0,0,0,343,1,343.0,0.0,0.105
1.0,1.0,3.37,1.0,0.2897,0.0,0.0,0.0,0,0,355,1,355.0,0.0,0.0789
1.0,1.0,8.0129,1.0,0.2897,0.0,0.0,0.0,0,0,367,1,367.0,0.0,0.1035
1.0,1.0,8.4934,1.0,0.2897,0.0,0.0,0.0,0,0,319,1,319.0,0.0,0.1348
1.0,1.5,23.7618,1.0,0.2897,0.0,0.0,0.0,0,0,412,1,412.0,0.0,0.0995
1.0,1.5,24.299,1.0,0.2897,0.0,0.0,0.0,0,0,438,1,438.0,0.0,0.0913
1.0,1.5,23.0494,1.0,0.2897,0.0,0.0,0.0,0,0,438,1,438.0,0.0,0.0936
1.0,1.5,23.7433,1.0,0.2897,0.0,0.0,0.0,0,0,435,1,435.0,0.0,0.0897
1.0,1.5,26.2476,1.0,0.2897,0.0,0.0,0.0,0,0,437,1,437.0,0.0,0.0915
1.0,2.0,26.6911,1.0,0.2897,0.0,0.0,0.0,0,0,376,1,376.0,0.0,0.1436
1.0,2.0,30.1939,1.0,0.2897,0.0,0.0,0.0,0,0,371,1,371.0,0.0,0.1698
1.0,2.0,27.1343,1.0,0.2897,0.0,0.0,0.0,0,0,375,1,375.0,0.0,0.144
1.0,2.0,30.3362,1.0,0.2897,0.0,0.0,0.0,0,0,381,1,381.0,0.0,0.1312
1.0,2.0,26.1232,1.0,0.2897,0.0,0.0,0.0,0,0,394,1,394.0,0.0,0.1294
